repo_id,repo_url,repo_slug,repo_dir,scan_status,notes,last_scanned,paper_ids
c477e652c72ca99c,https://github.com/AlexandrovLab/SigProfilerExtractor,AlexandrovLab__SigProfilerExtractor,data/github_repos/AlexandrovLab__SigProfilerExtractor,ok,no_figure_files_detected,2026-03-17T12:42:41.947868Z,9c2887d0984aeacc
036e44dec90a78c3,https://github.com/AnaG-R/Visuomotor-model-SC,AnaG-R__Visuomotor-model-SC,data/github_repos/AnaG-R__Visuomotor-model-SC,ok,no_figure_files_detected,2026-03-17T12:42:42.440185Z,0cf9137dd7c5a641
2c4fa8707ce96df6,https://github.com/AndreaGuarracino/paf2chain,AndreaGuarracino__paf2chain,data/github_repos/AndreaGuarracino__paf2chain,ok,no_figure_files_detected,2026-03-17T12:42:42.692294Z,6277bd12c29746d6
3db8f59e893824ba,https://github.com/Andrew-Pannone/Chemosensing,Andrew-Pannone__Chemosensing,data/github_repos/Andrew-Pannone__Chemosensing,ok,no_figure_files_detected,2026-03-17T12:42:42.874844Z,a0c6e56e8672174b
856a9d18fc4f1166,https://github.com/AstraZeneca-NGS/VarDictJava,AstraZeneca-NGS__VarDictJava,data/github_repos/AstraZeneca-NGS__VarDictJava,ok,no_figure_files_detected,2026-03-17T12:42:42.995449Z,9c2887d0984aeacc
ad60b830213094fb,https://github.com/AtmoLib/chemcat,AtmoLib__chemcat,data/github_repos/AtmoLib__chemcat,ok,no_figure_files_detected,2026-03-17T12:42:43.061267Z,f02fbe6d42b5099d
469f463ffe16340c,https://github.com/BDI-pathogens/LocalCovidTracker,BDI-pathogens__LocalCovidTracker,data/github_repos/BDI-pathogens__LocalCovidTracker,ok,no_figure_files_detected,2026-03-17T12:42:43.499852Z,648019e473dee248
93706f8e09013e7c,https://github.com/BVDElab/Tumour_immune_rejection,BVDElab__Tumour_immune_rejection,data/github_repos/BVDElab__Tumour_immune_rejection,ok,no_figure_files_detected,2026-03-17T12:42:44.131531Z,86ebf1ec85507d95
ace55bad4d233766,https://github.com/AlexandrovLab/TMB_plotter,AlexandrovLab__TMB_plotter,data/github_repos/AlexandrovLab__TMB_plotter,ok,,2026-03-17T12:42:44.338611Z,c51349e7e40bbc29
0213182c35764f94,https://github.com/Boyle-Lab/Blacklist,Boyle-Lab__Blacklist,data/github_repos/Boyle-Lab__Blacklist,ok,no_figure_files_detected,2026-03-17T12:42:44.599681Z,f827b3191165ce7b
da101e4b18f26753,https://github.com/AlexEMG/DeepLabCut,AlexEMG__DeepLabCut,data/github_repos/AlexEMG__DeepLabCut,ok,,2026-03-17T12:42:44.781266Z,0cf9137dd7c5a641
3202b4d584d02cf0,https://github.com/AlexisDEarl/reciprocity_and_nepotism_in_superb_starlings,AlexisDEarl__reciprocity_and_nepotism_in_superb_starlings,data/github_repos/AlexisDEarl__reciprocity_and_nepotism_in_superb_starlings,ok,,2026-03-17T12:42:44.811819Z,c49733b8a0084f7f
271d72b44be20c79,https://github.com/Brody-Lab/findr,Brody-Lab__findr,data/github_repos/Brody-Lab__findr,ok,,2026-03-17T12:42:45.745562Z,9ed764dc0d689bc6
50f72114b425b317,https://github.com/Brody-Lab/tzl_spglm,Brody-Lab__tzl_spglm,data/github_repos/Brody-Lab__tzl_spglm,ok,,2026-03-17T12:42:45.790989Z,9ed764dc0d689bc6
6c5d736cf6bffd9f,https://github.com/Brody-Lab/fhmddm,Brody-Lab__fhmddm,data/github_repos/Brody-Lab__fhmddm,ok,,2026-03-17T12:42:45.815210Z,9ed764dc0d689bc6
43d5c2d991460d89,https://github.com/BrodyFoy/setpoint_calculation,BrodyFoy__setpoint_calculation,data/github_repos/BrodyFoy__setpoint_calculation,ok,no_figure_files_detected,2026-03-17T12:42:45.911655Z,faa793201bdfe76a
dee66db2b3a253ed,https://github.com/CAVEconnectome/MeshParty,CAVEconnectome__MeshParty,data/github_repos/CAVEconnectome__MeshParty,ok,no_figure_files_detected,2026-03-17T12:42:45.949584Z,6682cac745cb5c37
1181ea5e7ab93ce8,https://github.com/CAVEconnectome/pcg_skel,CAVEconnectome__pcg_skel,data/github_repos/CAVEconnectome__pcg_skel,ok,no_figure_files_detected,2026-03-17T12:42:46.033174Z,6682cac745cb5c37
c6a1cc4b153d5af8,https://github.com/CGBio-Lab/Mex-acral-exomes-transcriptomes,CGBio-Lab__Mex-acral-exomes-transcriptomes,data/github_repos/CGBio-Lab__Mex-acral-exomes-transcriptomes,ok,no_figure_files_detected,2026-03-17T12:42:46.099913Z,662404399b613d20
c7db4aef9f28e794,https://github.com/CIERA-Transients/POTPyRI,CIERA-Transients__POTPyRI,data/github_repos/CIERA-Transients__POTPyRI,ok,no_figure_files_detected,2026-03-17T12:42:46.200909Z,c25be814c3adf83b
5edeff28c7c99cff,https://github.com/CSU-BME/pathology_SSL,CSU-BME__pathology_SSL,data/github_repos/CSU-BME__pathology_SSL,ok,no_figure_files_detected,2026-03-17T12:42:46.265855Z,41554d493fed1794
5e61989d7d435324,https://github.com/Chenglin20170390/Haplotype-diversity,Chenglin20170390__Haplotype-diversity,data/github_repos/Chenglin20170390__Haplotype-diversity,ok,,2026-03-17T12:42:47.847253Z,76c69beb037b3dfb
19a9db4146ba5bbf,https://github.com/ClimateGlobalChange/tempestextremes,ClimateGlobalChange__tempestextremes,data/github_repos/ClimateGlobalChange__tempestextremes,ok,,2026-03-17T12:42:48.079282Z,1a2aa18170c626a6
36766b93aab869b1,https://github.com/ChenYangyao/dwarf_assembly_bias,ChenYangyao__dwarf_assembly_bias,data/github_repos/ChenYangyao__dwarf_assembly_bias,ok,,2026-03-17T12:42:48.174903Z,22e6a977e1e6b2ff
34c6d098a8640fa1,https://github.com/Craig-Montell-Lab/Chandel_DeBeaubien_2023,Craig-Montell-Lab__Chandel_DeBeaubien_2023,data/github_repos/Craig-Montell-Lab__Chandel_DeBeaubien_2023,ok,no_figure_files_detected,2026-03-17T12:42:48.426228Z,0f39746a288f6bc2
adcf31cd8de2599b,https://github.com/Cyberpunk2207/Metagel-ultrasonic-sensing,Cyberpunk2207__Metagel-ultrasonic-sensing,data/github_repos/Cyberpunk2207__Metagel-ultrasonic-sensing,ok,no_figure_files_detected,2026-03-17T12:42:48.505695Z,f334980b6b87cd4d
11ea6e1db3c942e4,https://github.com/DanwangJessica/GRSR,DanwangJessica__GRSR,data/github_repos/DanwangJessica__GRSR,ok,no_figure_files_detected,2026-03-17T12:42:48.662136Z,d45ffef37120a5fe
5baef10a6f747b18,https://github.com/DecodeGenetics/svimmer,DecodeGenetics__svimmer,data/github_repos/DecodeGenetics__svimmer,ok,no_figure_files_detected,2026-03-17T12:42:49.073811Z,1dae057ed7303340
4bda8362771817ee,https://github.com/DecodeGenetics/graphtyper,DecodeGenetics__graphtyper,data/github_repos/DecodeGenetics__graphtyper,ok,no_figure_files_detected,2026-03-17T12:42:49.105771Z,1dae057ed7303340
8727de6c59f262c7,https://github.com/DyfanJones/RAthena,DyfanJones__RAthena,data/github_repos/DyfanJones__RAthena,ok,,2026-03-17T12:42:49.768503Z,648019e473dee248
6899c3fcb0edabda,https://github.com/EngreitzLab/CRISPR_comparison,EngreitzLab__CRISPR_comparison,data/github_repos/EngreitzLab__CRISPR_comparison,ok,,2026-03-17T12:42:51.118816Z,41932c64fe0cd47f
57c0cad0f9be43ed,https://github.com/Ajaxels/MIB,Ajaxels__MIB,data/github_repos/Ajaxels__MIB,ok,,2026-03-17T12:42:51.193505Z,f88000ebbf83da18
1689bcf084ded37a,https://github.com/FelixKrueger/TrimGalore,FelixKrueger__TrimGalore,data/github_repos/FelixKrueger__TrimGalore,ok,no_figure_files_detected,2026-03-17T12:42:51.791870Z,45902839457bf0a3; 6f168345d7576cb3
62bccabc2479d1af,https://github.com/Brody-Lab/decision_dynamics_commitment,Brody-Lab__decision_dynamics_commitment,data/github_repos/Brody-Lab__decision_dynamics_commitment,ok,,2026-03-17T12:42:52.203026Z,9ed764dc0d689bc6
afb145f3fd02008e,https://github.com/EricArcher/rfPermute,EricArcher__rfPermute,data/github_repos/EricArcher__rfPermute,ok,,2026-03-17T12:42:52.894381Z,c51349e7e40bbc29
0fc39a8f53313093,https://github.com/ElMouba/PrISMa_VisTool,ElMouba__PrISMa_VisTool,data/github_repos/ElMouba__PrISMa_VisTool,ok,,2026-03-17T12:42:53.074025Z,afc92ecfc1365cf1
7b427227e474ece6,https://github.com/ElucidataInc/ElMaven,ElucidataInc__ElMaven,data/github_repos/ElucidataInc__ElMaven,ok,,2026-03-17T12:42:53.108332Z,71ee4f3f77c3a71c
e1fcdb8c9f5a2563,https://github.com/GradinaruLab/striatum2P,GradinaruLab__striatum2P,data/github_repos/GradinaruLab__striatum2P,ok,no_figure_files_detected,2026-03-17T12:42:53.199854Z,f570f324c94a5fb7
a9739667de8107f5,https://github.com/HarveyLab/mouseVR,HarveyLab__mouseVR,data/github_repos/HarveyLab__mouseVR,ok,no_figure_files_detected,2026-03-17T12:42:53.345896Z,4b373def983f60ad
a045d05cfa1f21de,https://github.com/HenrikBengtsson/matrixStats,HenrikBengtsson__matrixStats,data/github_repos/HenrikBengtsson__matrixStats,ok,no_figure_files_detected,2026-03-17T12:42:53.535187Z,a493d6ada9ec25f4
f0759972c3adfd4e,https://github.com/Gaius-Augustus/Augustus,Gaius-Augustus__Augustus,data/github_repos/Gaius-Augustus__Augustus,ok,,2026-03-17T12:42:53.655008Z,76c69beb037b3dfb
f96d01ea26261c97,https://github.com/HongyuanLiCMP/Imaging-Tunable-Luttinger-Liquid-Systems-in-van-der-Waals-Heterostructures,HongyuanLiCMP__Imaging-Tunable-Luttinger-Liquid-Systems-in-van-der-Waals-Heterostructures,data/github_repos/HongyuanLiCMP__Imaging-Tunable-Luttinger-Liquid-Systems-in-van-der-Waals-Heterostructures,ok,no_figure_files_detected,2026-03-17T12:42:53.751976Z,ea860f6880efa3c0
83e85dbdf461bed7,https://github.com/HendersonLab/LiverRegenerationAtlas,HendersonLab__LiverRegenerationAtlas,data/github_repos/HendersonLab__LiverRegenerationAtlas,ok,,2026-03-17T12:42:54.373907Z,87af4eeebdc4678f
efdf08a673587055,https://github.com/JackZhang-Lab/Gautmatch,JackZhang-Lab__Gautmatch,data/github_repos/JackZhang-Lab__Gautmatch,ok,no_figure_files_detected,2026-03-17T12:42:54.575140Z,ef00aa22304cc0db
7a1ddba73c98ae0b,https://github.com/BeNeuroLab/2022-preserved-dynamics,BeNeuroLab__2022-preserved-dynamics,data/github_repos/BeNeuroLab__2022-preserved-dynamics,ok,,2026-03-17T12:42:54.601440Z,0650bf7d059180e0
1ee20afe54e7f025,https://github.com/IrisMenendez/Dinosaur_metabolism,IrisMenendez__Dinosaur_metabolism,data/github_repos/IrisMenendez__Dinosaur_metabolism,ok,,2026-03-17T12:42:54.735148Z,99559ff796a925ba
a202108327c0b26f,https://github.com/Illumina/manta,Illumina__manta,data/github_repos/Illumina__manta,ok,,2026-03-17T12:42:54.804255Z,1dae057ed7303340
626e8d11ea1e7a0e,https://github.com/Guylu/GluFormer,Guylu__GluFormer,data/github_repos/Guylu__GluFormer,ok,,2026-03-17T12:42:55.272514Z,05db5c2626a01e7d
05526174b3dfcd22,https://github.com/JaneliaSciComp/JRCLUST,JaneliaSciComp__JRCLUST,data/github_repos/JaneliaSciComp__JRCLUST,ok,,2026-03-17T12:42:58.407651Z,25b7e86a514e66f5
c1537955233db35a,https://github.com/JuliaStats/Distances.jl,JuliaStats__Distances.jl,data/github_repos/JuliaStats__Distances.jl,ok,no_figure_files_detected,2026-03-17T12:44:27.579515Z,f1adede0c2cff41a
eff83b5339749cc2,https://github.com/JuliaPy/PyCall.jl,JuliaPy__PyCall.jl,data/github_repos/JuliaPy__PyCall.jl,ok,no_figure_files_detected,2026-03-17T12:44:27.656120Z,f1adede0c2cff41a
f065a937e21f2486,https://github.com/JuliaStats/Clustering.jl,JuliaStats__Clustering.jl,data/github_repos/JuliaStats__Clustering.jl,ok,no_figure_files_detected,2026-03-17T12:44:27.707760Z,f1adede0c2cff41a
19251315ba694772,https://github.com/Keck-DataReductionPipelines/KcwiDRP,Keck-DataReductionPipelines__KcwiDRP,data/github_repos/Keck-DataReductionPipelines__KcwiDRP,ok,no_figure_files_detected,2026-03-17T12:44:28.087315Z,6002289b709aec82
a369f083c35fa766,https://github.com/KenzieNimmo/FRB20221022A_scintillation,KenzieNimmo__FRB20221022A_scintillation,data/github_repos/KenzieNimmo__FRB20221022A_scintillation,ok,no_figure_files_detected,2026-03-17T12:44:28.135197Z,4d3846b39612a3ce
eab016581886ca99,https://github.com/JuliaStats/HypothesisTests.jl,JuliaStats__HypothesisTests.jl,data/github_repos/JuliaStats__HypothesisTests.jl,ok,no_figure_files_detected,2026-03-17T12:44:28.135716Z,f1adede0c2cff41a
3aba477c7be85fba,https://github.com/Kimichi-Suzuki/GRRM-OnioM,Kimichi-Suzuki__GRRM-OnioM,data/github_repos/Kimichi-Suzuki__GRRM-OnioM,ok,no_figure_files_detected,2026-03-17T12:44:28.263585Z,1ae23c337f0e3412
672c3510bbb6a22e,https://github.com/Llamero/Puthussery_Lab_2P_Setup,Llamero__Puthussery_Lab_2P_Setup,data/github_repos/Llamero__Puthussery_Lab_2P_Setup,ok,no_figure_files_detected,2026-03-17T12:44:28.298464Z,09500c3a9cf6fafe
343398788930a53c,https://github.com/JohannesBuchner/PyMultiNest,JohannesBuchner__PyMultiNest,data/github_repos/JohannesBuchner__PyMultiNest,ok,,2026-03-17T12:44:28.342256Z,7d597cb0a719718f
8906e6b1c6f218cc,https://github.com/JiangFangzhou/SIDM,JiangFangzhou__SIDM,data/github_repos/JiangFangzhou__SIDM,ok,,2026-03-17T12:44:28.456850Z,22e6a977e1e6b2ff
0362024094315183,https://github.com/LorenzoLF/Mini-colon_bioengineering,LorenzoLF__Mini-colon_bioengineering,data/github_repos/LorenzoLF__Mini-colon_bioengineering,ok,no_figure_files_detected,2026-03-17T12:44:28.639998Z,07aad4016b62781c
da79b0fa8d8b595a,https://github.com/MakotoSaito37/PAM-screen,MakotoSaito37__PAM-screen,data/github_repos/MakotoSaito37__PAM-screen,ok,no_figure_files_detected,2026-03-17T12:44:28.862544Z,a03e376822c745bb
051ab8402d990fdd,https://github.com/McGranahanLab/HDP_sigExtraction,McGranahanLab__HDP_sigExtraction,data/github_repos/McGranahanLab__HDP_sigExtraction,ok,no_figure_files_detected,2026-03-17T12:44:28.915901Z,9c2887d0984aeacc
7a34c8fc4e6640dd,https://github.com/JonathanAMichaels/PixelProcessingPipeline,JonathanAMichaels__PixelProcessingPipeline,data/github_repos/JonathanAMichaels__PixelProcessingPipeline,ok,,2026-03-17T12:44:29.081554Z,35661367fecdca65
bc3edf61d0c3df4f,https://github.com/MichelleKendall/UK_recent_R_estimate,MichelleKendall__UK_recent_R_estimate,data/github_repos/MichelleKendall__UK_recent_R_estimate,ok,no_figure_files_detected,2026-03-17T12:44:29.178510Z,648019e473dee248
7b9327589fcc6e64,https://github.com/Molecolab-Pisa/exat,Molecolab-Pisa__exat,data/github_repos/Molecolab-Pisa__exat,ok,no_figure_files_detected,2026-03-17T12:44:29.231834Z,6aa2646e8a329976
26e3b7cc302521cf,https://github.com/Llamero/Four_Channel_MHz_LED_Driver,Llamero__Four_Channel_MHz_LED_Driver,data/github_repos/Llamero__Four_Channel_MHz_LED_Driver,ok,,2026-03-17T12:44:29.448823Z,09500c3a9cf6fafe
f33b8836125ee319,https://github.com/Merad-Lab/Hegde_Myelopoiesis_Epigenetics,Merad-Lab__Hegde_Myelopoiesis_Epigenetics,data/github_repos/Merad-Lab__Hegde_Myelopoiesis_Epigenetics,ok,,2026-03-17T12:44:29.586526Z,dd5c3b4b99112c67
71b2aceb2ce71290,https://github.com/MWSchmid/Ngou-et-al.-2025,MWSchmid__Ngou-et-al.-2025,data/github_repos/MWSchmid__Ngou-et-al.-2025,ok,,2026-03-17T12:44:29.796697Z,96a7f498f21baaac
fbc49f8a8295b28c,https://github.com/MouseLand/Kilosort,MouseLand__Kilosort,data/github_repos/MouseLand__Kilosort,ok,,2026-03-17T12:44:29.968816Z,0650bf7d059180e0
5b74f2409d7b970e,https://github.com/RosettaCommons/RFdiffusion,RosettaCommons__RFdiffusion,data/github_repos/RosettaCommons__RFdiffusion,ok,,2026-03-17T12:48:58.179196Z,0a830e32de120f7e
e64f27ca3ca7f5e2,https://github.com/SamuelBrudner/juvenile_syllable_analysis,SamuelBrudner__juvenile_syllable_analysis,data/github_repos/SamuelBrudner__juvenile_syllable_analysis,ok,no_figure_files_detected,2026-03-17T12:48:58.361860Z,fcfbe51ff66c8500
328b4c0b06029ad6,https://github.com/Small-Bodies-Node/ice-sublimation,Small-Bodies-Node__ice-sublimation,data/github_repos/Small-Bodies-Node__ice-sublimation,ok,no_figure_files_detected,2026-03-17T12:48:58.581103Z,2360207cee190fa5
9bc17d290e5ef431,https://github.com/Shunili/AE-RHP,Shunili__AE-RHP,data/github_repos/Shunili__AE-RHP,ok,,2026-03-17T12:48:59.029613Z,a4333a3a27595f4e
df3043bee3eb112d,https://github.com/Smith-Lab-YSCC/hExtra_embryoid,Smith-Lab-YSCC__hExtra_embryoid,data/github_repos/Smith-Lab-YSCC__hExtra_embryoid,ok,,2026-03-17T12:48:59.198238Z,26abbf6763b06e2b
703068b67831d54e,https://github.com/SainsburyWellcomeCentre/lasagna,SainsburyWellcomeCentre__lasagna,data/github_repos/SainsburyWellcomeCentre__lasagna,ok,,2026-03-17T12:48:59.299400Z,841f0432b49e22f6
de05306ac4a205de,https://github.com/SainsburyWellcomeCentre/StitchIt,SainsburyWellcomeCentre__StitchIt,data/github_repos/SainsburyWellcomeCentre__StitchIt,ok,,2026-03-17T12:48:59.339680Z,841f0432b49e22f6
5ad31a59dc505525,https://github.com/TanenbaumLab/SingleObjectGrid,TanenbaumLab__SingleObjectGrid,data/github_repos/TanenbaumLab__SingleObjectGrid,ok,no_figure_files_detected,2026-03-17T12:48:59.486970Z,e039b9fb0f62e39a
d641a0fb74113a3f,https://github.com/ThomasWangWeiHong/Shadow-Detection-Algorithm-for-Aerial-and-Satellite-Images,ThomasWangWeiHong__Shadow-Detection-Algorithm-for-Aerial-and-Satellite-Images,data/github_repos/ThomasWangWeiHong__Shadow-Detection-Algorithm-for-Aerial-and-Satellite-Images,ok,no_figure_files_detected,2026-03-17T12:48:59.509841Z,ef25352cfab1df94
74ae5a794637677f,https://github.com/SainsburyWellcomeCentre/BakingTray,SainsburyWellcomeCentre__BakingTray,data/github_repos/SainsburyWellcomeCentre__BakingTray,ok,,2026-03-17T12:48:59.635728Z,841f0432b49e22f6
dc1ad115dfef14f8,https://github.com/USDA-VS/GenoFLU,USDA-VS__GenoFLU,data/github_repos/USDA-VS__GenoFLU,ok,no_figure_files_detected,2026-03-17T12:49:00.090147Z,478e4915a717d105
2e13412d0b6a1f27,https://github.com/UU-cellbiology/ComDet,UU-cellbiology__ComDet,data/github_repos/UU-cellbiology__ComDet,ok,no_figure_files_detected,2026-03-17T12:49:00.255787Z,e039b9fb0f62e39a
4ebd7127ad9e60d3,https://github.com/StoreyLab/qvalue,StoreyLab__qvalue,data/github_repos/StoreyLab__qvalue,ok,,2026-03-17T12:49:00.407956Z,ef815b71bcdff77a
1b767e1e73ea54b1,https://github.com/WongKinYiu/PyTorch_YOLOv4,WongKinYiu__PyTorch_YOLOv4,data/github_repos/WongKinYiu__PyTorch_YOLOv4,ok,,2026-03-17T12:49:01.863775Z,4ffb20da33e98fdc
6ca7bff60675afd4,https://github.com/UppASD/UppASD,UppASD__UppASD,data/github_repos/UppASD__UppASD,ok,,2026-03-17T12:49:02.144602Z,35afd57695c52d9c
8bb594016bcec02b,https://github.com/SonyResearch/fairness-benchmark-public,SonyResearch__fairness-benchmark-public,data/github_repos/SonyResearch__fairness-benchmark-public,ok,,2026-03-17T12:49:02.679650Z,8f3990d03b9b2372
b76385270737b475,https://github.com/TingXuGroup/Surface-Anaysis,TingXuGroup__Surface-Anaysis,data/github_repos/TingXuGroup__Surface-Anaysis,ok,,2026-03-17T12:49:08.844140Z,a4333a3a27595f4e
fc02da2480a0ce36,https://github.com/XiaoyangSu/AccuCor,XiaoyangSu__AccuCor,data/github_repos/XiaoyangSu__AccuCor,ok,no_figure_files_detected,2026-03-17T12:49:32.327954Z,71ee4f3f77c3a71c
b30dd24d1d52e87e,https://github.com/XanaduAI/MrMustard,XanaduAI__MrMustard,data/github_repos/XanaduAI__MrMustard,ok,no_figure_files_detected,2026-03-17T12:49:32.375081Z,342c5ed29585cb74
aa2be028d2ca466a,https://github.com/YoshitakaMo/localcolabfold,YoshitakaMo__localcolabfold,data/github_repos/YoshitakaMo__localcolabfold,ok,no_figure_files_detected,2026-03-17T12:49:32.495042Z,8d46ed84bfe8a4ec
03a20211a284de3e,https://github.com/Yujie-S/Click-ExM_data_process_and_example,Yujie-S__Click-ExM_data_process_and_example,data/github_repos/Yujie-S__Click-ExM_data_process_and_example,ok,no_figure_files_detected,2026-03-17T12:49:32.580258Z,aaf6bf5486033ca5
c30f57e4996fadea,https://github.com/ZhaoZhangZZlab/eccDNA_formation_2021,ZhaoZhangZZlab__eccDNA_formation_2021,data/github_repos/ZhaoZhangZZlab__eccDNA_formation_2021,ok,no_figure_files_detected,2026-03-17T12:49:32.672345Z,ffb3450adc86f093
5b21b78f4e097a22,https://github.com/YosefLab/scib-metrics,YosefLab__scib-metrics,data/github_repos/YosefLab__scib-metrics,ok,,2026-03-17T12:49:32.849261Z,3a487f2d3121156c
ac9c1ce086a7a184,https://github.com/YosefLab/Hotspot,YosefLab__Hotspot,data/github_repos/YosefLab__Hotspot,ok,,2026-03-17T12:49:33.036455Z,152f933469553c66
614a45612bc44192,https://github.com/ZhuangLab/storm-control,ZhuangLab__storm-control,data/github_repos/ZhuangLab__storm-control,ok,,2026-03-17T12:49:33.423819Z,3aa64104be81fa08
c85b6a11c72b8078,https://github.com/achaiah/pywick,achaiah__pywick,data/github_repos/achaiah__pywick,ok,,2026-03-17T12:49:33.621329Z,4ffb20da33e98fdc
ee56e535a62cb7a0,https://github.com/achamolly/mechanical_self_organisation,achamolly__mechanical_self_organisation,data/github_repos/achamolly__mechanical_self_organisation,ok,,2026-03-17T12:49:33.720765Z,d33a5cf93232aee1
7a300a001c48deba,https://github.com/YichaoOU/ABE_NonCoding_functional_score,YichaoOU__ABE_NonCoding_functional_score,data/github_repos/YichaoOU__ABE_NonCoding_functional_score,ok,,2026-03-17T12:49:33.835296Z,41932c64fe0cd47f
d296b61c22875072,https://github.com/agshumate/Liftoff,agshumate__Liftoff,data/github_repos/agshumate__Liftoff,ok,no_figure_files_detected,2026-03-17T12:49:33.905625Z,152f933469553c66
31bcebb03aa38090,https://github.com/amckenna41/protPy,amckenna41__protPy,data/github_repos/amckenna41__protPy,ok,no_figure_files_detected,2026-03-17T12:49:34.069971Z,7020a99b506de67a
ea43bad9b1938b43,https://github.com/afeinstein20/nirhiss,afeinstein20__nirhiss,data/github_repos/afeinstein20__nirhiss,ok,,2026-03-17T12:49:34.225237Z,212f8685cb7fa9d8
18a52009c485ae04,https://github.com/ZijieZhaoMMHW/m_mhw1.0,ZijieZhaoMMHW__m_mhw1.0,data/github_repos/ZijieZhaoMMHW__m_mhw1.0,ok,,2026-03-17T12:49:34.244595Z,b7265547ef7f212c
acd93c680ebd6b22,https://github.com/apeltzer/DeDup,apeltzer__DeDup,data/github_repos/apeltzer__DeDup,ok,no_figure_files_detected,2026-03-17T12:49:34.366743Z,9e3f7779676d7638
60966552894586b2,https://github.com/alhashimilab/TAR_Thermodynamic_Model,alhashimilab__TAR_Thermodynamic_Model,data/github_repos/alhashimilab__TAR_Thermodynamic_Model,ok,,2026-03-17T12:49:34.465583Z,b3f39a57558ed750
b3ba63c66761aa89,https://github.com/arozanski97/CDR-Finder,arozanski97__CDR-Finder,data/github_repos/arozanski97__CDR-Finder,ok,no_figure_files_detected,2026-03-17T12:49:34.546197Z,6d465f94af3ee103
4bd91a98294c7653,https://github.com/arozanski97/SUNK-based-contig-scaffolding,arozanski97__SUNK-based-contig-scaffolding,data/github_repos/arozanski97__SUNK-based-contig-scaffolding,ok,no_figure_files_detected,2026-03-17T12:49:34.631402Z,6d465f94af3ee103
ba310039128c645b,https://github.com/apache/arrow,apache__arrow,data/github_repos/apache__arrow,ok,,2026-03-17T12:49:35.046409Z,e1c1649cdd5f463e
4315363a0c1a0c23,https://github.com/bbglab/deepUMIcaller,bbglab__deepUMIcaller,data/github_repos/bbglab__deepUMIcaller,ok,,2026-03-17T12:49:35.319441Z,9c2887d0984aeacc
8759a35bf0d37464,https://github.com/bbglab/deepCSA,bbglab__deepCSA,data/github_repos/bbglab__deepCSA,ok,,2026-03-17T12:49:35.830705Z,9c2887d0984aeacc
5b145b253d0280df,https://github.com/bbglab/intogen-plus,bbglab__intogen-plus,data/github_repos/bbglab__intogen-plus,ok,,2026-03-17T12:49:35.860386Z,9c2887d0984aeacc
ce0d088390fc8f45,https://github.com/bbglab/omega,bbglab__omega,data/github_repos/bbglab__omega,ok,no_figure_files_detected,2026-03-17T12:49:36.008747Z,9c2887d0984aeacc
594aecd551ab935e,https://github.com/bbushnell/BBTools,bbushnell__BBTools,data/github_repos/bbushnell__BBTools,ok,no_figure_files_detected,2026-03-17T12:49:36.065189Z,720b53c7ad2c9ce2
6172e658c66435a8,https://github.com/bethatkinson/rpart,bethatkinson__rpart,data/github_repos/bethatkinson__rpart,ok,,2026-03-17T12:49:36.582866Z,89eaaabbe844e8a3
1b013cc92773b78f,https://github.com/billkarsh/SpikeGLX,billkarsh__SpikeGLX,data/github_repos/billkarsh__SpikeGLX,ok,no_figure_files_detected,2026-03-17T12:49:36.800697Z,0650bf7d059180e0
df048d377485192c,https://github.com/afredston/marine_heatwaves_trawl,afredston__marine_heatwaves_trawl,data/github_repos/afredston__marine_heatwaves_trawl,ok,,2026-03-17T12:49:37.295797Z,3e44578508641660
70cf40a50e177e51,https://github.com/bintulab/HT-recruit-Analyze,bintulab__HT-recruit-Analyze,data/github_repos/bintulab__HT-recruit-Analyze,ok,,2026-03-17T12:49:37.367288Z,e0705b0e8dde8f04
5d513226c708850d,https://github.com/boxialaboratory/Tail-Loss-Primates,boxialaboratory__Tail-Loss-Primates,data/github_repos/boxialaboratory__Tail-Loss-Primates,ok,no_figure_files_detected,2026-03-17T12:49:37.472585Z,387635f8d4675d0d
877ba554716c4667,https://github.com/bgreenwell/fastshap,bgreenwell__fastshap,data/github_repos/bgreenwell__fastshap,ok,,2026-03-17T12:49:37.602778Z,129c130faaf5f857
37c66df144a37253,https://github.com/broadinstitute/picard,broadinstitute__picard,data/github_repos/broadinstitute__picard,ok,no_figure_files_detected,2026-03-17T12:49:37.796790Z,3db5a3f6ed541fe4; 0bc6301a110e950e; 454d7daf7b6e63d4; 1dae057ed7303340
91a6b352fb490bdd,https://github.com/browning-lab/sprime,browning-lab__sprime,data/github_repos/browning-lab__sprime,ok,no_figure_files_detected,2026-03-17T12:49:37.974281Z,b3bc34ec30a1827f
1de14197f23fd8a4,https://github.com/broadinstitute/Drop-seq,broadinstitute__Drop-seq,data/github_repos/broadinstitute__Drop-seq,ok,,2026-03-17T12:49:38.070059Z,a74a4036dbeb294d
e7c654c990f40746,https://github.com/YongxinLiu/EasyAmplicon,YongxinLiu__EasyAmplicon,data/github_repos/YongxinLiu__EasyAmplicon,ok,,2026-03-17T12:49:38.126054Z,f270e5498cf10abb
fc62a8a7bc5dfb01,https://github.com/antononcube/MathematicaForPrediction,antononcube__MathematicaForPrediction,data/github_repos/antononcube__MathematicaForPrediction,ok,,2026-03-17T12:49:38.155010Z,7bb549e3134bc4c0
1b33ffb817a6a66d,https://github.com/brycepardo/Fentanyl,brycepardo__Fentanyl,data/github_repos/brycepardo__Fentanyl,ok,no_figure_files_detected,2026-03-17T12:49:38.186622Z,e5d1ec07238dab13
e0289467c908b908,https://github.com/builab/subtomo2Chimera,builab__subtomo2Chimera,data/github_repos/builab__subtomo2Chimera,ok,no_figure_files_detected,2026-03-17T12:49:38.262896Z,e2e6122295662159
b12e6ec1a068dfb4,https://github.com/bulik/ldsc,bulik__ldsc,data/github_repos/bulik__ldsc,ok,no_figure_files_detected,2026-03-17T12:49:38.414461Z,3a07e229ace6d633
ed18f53e41f2eaa0,https://github.com/broadinstitute/inferCNV,broadinstitute__inferCNV,data/github_repos/broadinstitute__inferCNV,ok,,2026-03-17T12:49:38.832513Z,38c81ba8590adfb8; 458b2f6166a4bf84
457c5a33086effe1,https://github.com/cajal/microns-funconn-2025,cajal__microns-funconn-2025,data/github_repos/cajal__microns-funconn-2025,ok,,2026-03-17T12:49:39.124770Z,968e0caaf65f910d
03abbbe9778b1fe4,https://github.com/cajal/pipeline,cajal__pipeline,data/github_repos/cajal__pipeline,ok,,2026-03-17T12:49:39.150751Z,968e0caaf65f910d
e16e6f01dc767be4,https://github.com/chhylp123/hifiasm,chhylp123__hifiasm,data/github_repos/chhylp123__hifiasm,ok,no_figure_files_detected,2026-03-17T12:49:39.298966Z,76c69beb037b3dfb
efb9531617cf9bf5,https://github.com/colombarifm/celoce_epr,colombarifm__celoce_epr,data/github_repos/colombarifm__celoce_epr,ok,no_figure_files_detected,2026-03-17T12:49:39.459610Z,da3ecc7f057d889b
8248615805936212,https://github.com/chemprop/chemprop,chemprop__chemprop,data/github_repos/chemprop__chemprop,ok,,2026-03-17T12:49:39.726203Z,00385414c2fc4b3b
5759d37d411b74a0,https://github.com/colearendt/xlsx,colearendt__xlsx,data/github_repos/colearendt__xlsx,ok,,2026-03-17T12:49:39.818131Z,c51349e7e40bbc29
c3f27e794981958e,https://github.com/cancersysbio/HTAN-FAP,cancersysbio__HTAN-FAP,data/github_repos/cancersysbio__HTAN-FAP,ok,,2026-03-17T12:49:39.852363Z,830658f49a8c7def
9e148fb38c5ec17d,https://github.com/cortex-lab/allenCCF,cortex-lab__allenCCF,data/github_repos/cortex-lab__allenCCF,ok,,2026-03-17T12:49:40.496124Z,173e1cd011e08284
99dca252b906247a,https://github.com/cardin-higley-lab/CBASS,cardin-higley-lab__CBASS,data/github_repos/cardin-higley-lab__CBASS,ok,,2026-03-17T12:49:40.842727Z,7ce835f069d27646
372f9e651f948426,https://github.com/bbglab/normal_bladder_paper,bbglab__normal_bladder_paper,data/github_repos/bbglab__normal_bladder_paper,ok,,2026-03-17T12:49:44.116797Z,9c2887d0984aeacc
70bae9b74cd6bd4f,https://github.com/covid19-hg/META_ANALYSIS,covid19-hg__META_ANALYSIS,data/github_repos/covid19-hg__META_ANALYSIS,ok,no_figure_files_detected,2026-03-17T12:49:46.714563Z,a990c040b10cb9c2
930a934644eefd78,https://github.com/cran/rgeos,cran__rgeos,data/github_repos/cran__rgeos,ok,no_figure_files_detected,2026-03-17T12:49:46.738011Z,c51349e7e40bbc29
b5470f925ce7502b,https://github.com/datameet/Municipal_Spatial_Data,datameet__Municipal_Spatial_Data,data/github_repos/datameet__Municipal_Spatial_Data,ok,no_figure_files_detected,2026-03-17T12:49:46.941676Z,fb3addf64cbefff3
c19f9e72ec097d63,https://github.com/davepruitt/RePlay,davepruitt__RePlay,data/github_repos/davepruitt__RePlay,ok,no_figure_files_detected,2026-03-17T12:49:47.137942Z,75825e1ad83b53bf
ef76608e388c1ef0,https://github.com/dasch-lab/K_pneumoniae-anti_capsule_mabs,dasch-lab__K_pneumoniae-anti_capsule_mabs,data/github_repos/dasch-lab__K_pneumoniae-anti_capsule_mabs,ok,,2026-03-17T12:49:47.343995Z,374d7a150fefcbd0
5bdc633af6fd275c,https://github.com/danzllab/LICONN,danzllab__LICONN,data/github_repos/danzllab__LICONN,ok,,2026-03-17T12:49:47.426119Z,aaf6bf5486033ca5
0a67d9037d698bd9,https://github.com/cortex-lab/alyx,cortex-lab__alyx,data/github_repos/cortex-lab__alyx,ok,,2026-03-17T12:49:47.450557Z,841f0432b49e22f6
a0e44b0a658b416a,https://github.com/declancooper/CommonSpecies2022,declancooper__CommonSpecies2022,data/github_repos/declancooper__CommonSpecies2022,ok,no_figure_files_detected,2026-03-17T12:49:47.522876Z,b417defe0ed56563
a2205912932f7734,https://github.com/denisecailab/ezTrack,denisecailab__ezTrack,data/github_repos/denisecailab__ezTrack,ok,no_figure_files_detected,2026-03-17T12:49:47.694700Z,fcfbe51ff66c8500
8275062a6b85af48,https://github.com/dcjones/proseg,dcjones__proseg,data/github_repos/dcjones__proseg,ok,,2026-03-17T12:49:47.753085Z,40565e505a8bbbce
94087986264612d0,https://github.com/denisecailab/minian,denisecailab__minian,data/github_repos/denisecailab__minian,ok,no_figure_files_detected,2026-03-17T12:49:47.856022Z,f570f324c94a5fb7
ef0846dc57f4bcdd,https://github.com/ctmaher/modendro,ctmaher__modendro,data/github_repos/ctmaher__modendro,ok,,2026-03-17T12:49:47.968507Z,c7113358bd747f7f
4206a1d4191de9be,https://github.com/deepmind/dm-haiku,deepmind__dm-haiku,data/github_repos/deepmind__dm-haiku,ok,,2026-03-17T12:49:48.178799Z,f256e223fd622358; 12b7c8b8877ca85e; 7d4d7479e73c4812
8e0e443c348d37ad,https://github.com/di-0579/spatial_tri-omics,di-0579__spatial_tri-omics,data/github_repos/di-0579__spatial_tri-omics,ok,,2026-03-17T12:49:48.429233Z,3fedd03ce8e07e11
3c1220bc63467791,https://github.com/deepmind/jraph,deepmind__jraph,data/github_repos/deepmind__jraph,ok,,2026-03-17T12:49:48.456341Z,12b7c8b8877ca85e
f0419427d8b4c118,https://github.com/dsgelab/Mosaic-loss-of-chromosome-X,dsgelab__Mosaic-loss-of-chromosome-X,data/github_repos/dsgelab__Mosaic-loss-of-chromosome-X,ok,no_figure_files_detected,2026-03-17T12:49:48.584301Z,a990c040b10cb9c2
f0f87d9bfe46b665,https://github.com/dmichelson/mimetic_cells,dmichelson__mimetic_cells,data/github_repos/dmichelson__mimetic_cells,ok,,2026-03-17T12:49:48.641704Z,a3c063b5d149f735
f6a2beac1b2079e1,https://github.com/digital-chemistry-laboratory/morfeus,digital-chemistry-laboratory__morfeus,data/github_repos/digital-chemistry-laboratory__morfeus,ok,,2026-03-17T12:49:48.724515Z,9c69ddc94ed78f00
42979d908726b111,https://github.com/edgardomortiz/vcf2phylip,edgardomortiz__vcf2phylip,data/github_repos/edgardomortiz__vcf2phylip,ok,no_figure_files_detected,2026-03-17T12:49:48.754977Z,9e3f7779676d7638
337fcca923e9d09d,https://github.com/donovan-h-parks/PhyloRank,donovan-h-parks__PhyloRank,data/github_repos/donovan-h-parks__PhyloRank,ok,,2026-03-17T12:49:48.867605Z,b109de7d2c181a4c
9c7cde36077e5381,https://github.com/eliorc/node2vec,eliorc__node2vec,data/github_repos/eliorc__node2vec,ok,no_figure_files_detected,2026-03-17T12:49:48.880358Z,8d46ed84bfe8a4ec
2d6fc8431fe3595e,https://github.com/emcramer/abm-spheroid-invasiveness,emcramer__abm-spheroid-invasiveness,data/github_repos/emcramer__abm-spheroid-invasiveness,ok,no_figure_files_detected,2026-03-17T12:49:48.904504Z,b50e59bf2b8873f5
b264db4c28fb2c2c,https://github.com/cortex-lab/phy,cortex-lab__phy,data/github_repos/cortex-lab__phy,ok,,2026-03-17T12:49:49.009350Z,0650bf7d059180e0; 7ce835f069d27646
b0385aed9cbec728,https://github.com/engellab/neuralflow,engellab__neuralflow,data/github_repos/engellab__neuralflow,ok,no_figure_files_detected,2026-03-17T12:49:49.024587Z,d40ecd0cda98c9b1
39308dc227207424,https://github.com/epiforecasts/covid-rt-estimates,epiforecasts__covid-rt-estimates,data/github_repos/epiforecasts__covid-rt-estimates,ok,,2026-03-17T12:49:49.526360Z,648019e473dee248
580a5c0403e00b38,https://github.com/etterguillaume/MiniscopeAnalysis,etterguillaume__MiniscopeAnalysis,data/github_repos/etterguillaume__MiniscopeAnalysis,ok,,2026-03-17T12:49:49.616962Z,f570f324c94a5fb7
b5b9b620e638c8dc,https://github.com/fancompute/simphox,fancompute__simphox,data/github_repos/fancompute__simphox,ok,no_figure_files_detected,2026-03-17T12:49:49.679964Z,7d4d7479e73c4812
ce5c3c6dffcb6eaf,https://github.com/ejarmand/comparative_epigenomic_motor_cortex,ejarmand__comparative_epigenomic_motor_cortex,data/github_repos/ejarmand__comparative_epigenomic_motor_cortex,ok,,2026-03-17T12:49:50.295923Z,3a07e229ace6d633
8a501396dbc10a28,https://github.com/fanzheng10/HiDeF,fanzheng10__HiDeF,data/github_repos/fanzheng10__HiDeF,ok,,2026-03-17T12:49:50.458105Z,8d46ed84bfe8a4ec
b764335698bd21ab,https://github.com/fanzheng10/HiSig,fanzheng10__HiSig,data/github_repos/fanzheng10__HiSig,ok,,2026-03-17T12:49:50.657814Z,8d46ed84bfe8a4ec
6f7a881cd925a0ad,https://github.com/ffyr2w/cet_toolbox,ffyr2w__cet_toolbox,data/github_repos/ffyr2w__cet_toolbox,ok,no_figure_files_detected,2026-03-17T12:49:50.900415Z,d0a967bc7f687f63
9bc19b9b62731fba,https://github.com/echolab-stanford/wildfire-influence,echolab-stanford__wildfire-influence,data/github_repos/echolab-stanford__wildfire-influence,ok,,2026-03-17T12:49:51.275414Z,cd9f14f10a14a4a0
26dbc8cbf9934f0d,https://github.com/flatironinstitute/NoRMCorre,flatironinstitute__NoRMCorre,data/github_repos/flatironinstitute__NoRMCorre,ok,no_figure_files_detected,2026-03-17T12:49:51.488522Z,f570f324c94a5fb7
98e9e615290b7321,https://github.com/fosterlab/PrInCE,fosterlab__PrInCE,data/github_repos/fosterlab__PrInCE,ok,no_figure_files_detected,2026-03-17T12:49:51.782967Z,8d46ed84bfe8a4ec
f21647a1eeea0353,https://github.com/fkeck/metabeta,fkeck__metabeta,data/github_repos/fkeck__metabeta,ok,,2026-03-17T12:49:51.909250Z,5b51b69cf2d2f9b3
e63d349a5d26e4c8,https://github.com/freeseek/mochawdl,freeseek__mochawdl,data/github_repos/freeseek__mochawdl,ok,no_figure_files_detected,2026-03-17T12:49:51.986794Z,a990c040b10cb9c2
2400e6e7802a5c57,https://github.com/fchollet/keras,fchollet__keras,data/github_repos/fchollet__keras,ok,,2026-03-17T12:49:52.058431Z,1c3f672099e8d48e
c7f6424bddc97a89,https://github.com/fulcrumgenomics/fgbio,fulcrumgenomics__fgbio,data/github_repos/fulcrumgenomics__fgbio,ok,no_figure_files_detected,2026-03-17T12:49:52.134947Z,9c2887d0984aeacc
a09c263adc7cc7ea,https://github.com/g-e-kenney/prettyClusters,g-e-kenney__prettyClusters,data/github_repos/g-e-kenney__prettyClusters,ok,no_figure_files_detected,2026-03-17T12:49:52.380990Z,c21155d15347948d
07420d237ddcaeb6,https://github.com/fuxialexander/proscope,fuxialexander__proscope,data/github_repos/fuxialexander__proscope,ok,,2026-03-17T12:49:52.878455Z,41932c64fe0cd47f
b3f31a0256d3f1b9,https://github.com/g2e/m_map,g2e__m_map,data/github_repos/g2e__m_map,ok,,2026-03-17T12:49:53.297852Z,83d04ebcbf604a36
f59258b43c6c544b,https://github.com/funkelab/gunpowder,funkelab__gunpowder,data/github_repos/funkelab__gunpowder,ok,,2026-03-17T12:49:53.364298Z,aaf6bf5486033ca5
701d792d1bb724b2,https://github.com/ericminikel/genetic_support,ericminikel__genetic_support,data/github_repos/ericminikel__genetic_support,ok,,2026-03-17T12:49:53.460494Z,cbb698ed7c10423c
e1e959f077b6f1de,https://github.com/gardner-lab/video-capture,gardner-lab__video-capture,data/github_repos/gardner-lab__video-capture,ok,no_figure_files_detected,2026-03-17T12:49:53.531981Z,846d558ca4a57fb3
befe99e3f4074e39,https://github.com/gardner-lab/FinchScope,gardner-lab__FinchScope,data/github_repos/gardner-lab__FinchScope,ok,,2026-03-17T12:49:53.962386Z,846d558ca4a57fb3
6095c8cbf5b37948,https://github.com/geoffvasil/nssl_mri,geoffvasil__nssl_mri,data/github_repos/geoffvasil__nssl_mri,ok,,2026-03-17T12:49:54.175513Z,995f8c5d2c90fbd9
ebbd7a5014758b6c,https://github.com/google-deepmind/alphafold,google-deepmind__alphafold,data/github_repos/google-deepmind__alphafold,ok,,2026-03-17T12:49:54.378883Z,328b2970f46fc07c
4e81dfe2ecacb189,https://github.com/gillislab/barseq_analysis,gillislab__barseq_analysis,data/github_repos/gillislab__barseq_analysis,ok,,2026-03-17T12:49:54.468361Z,289c9bab576bdbc3
f8f960fe54b584ed,https://github.com/facebookresearch/detectron2,facebookresearch__detectron2,data/github_repos/facebookresearch__detectron2,ok,,2026-03-17T12:49:55.901695Z,a85b5d6f32dcc5d0
701ea268841e3b90,https://github.com/google/ffn,google__ffn,data/github_repos/google__ffn,ok,no_figure_files_detected,2026-03-17T12:50:27.254494Z,aaf6bf5486033ca5
e7b2d16832d69488,https://github.com/grzeimann/Panacea,grzeimann__Panacea,data/github_repos/grzeimann__Panacea,ok,no_figure_files_detected,2026-03-17T12:50:27.444529Z,64419b4abec793c7
7b381744869a4bc3,https://github.com/gt1/biobambam2,gt1__biobambam2,data/github_repos/gt1__biobambam2,ok,no_figure_files_detected,2026-03-17T12:50:27.594108Z,b1718ff87a1d9dd9
ae686dc5d8de2438,https://github.com/google/neuroglancer,google__neuroglancer,data/github_repos/google__neuroglancer,ok,,2026-03-17T12:50:27.669283Z,aaf6bf5486033ca5
4090b2f3ee069859,https://github.com/google-research/meliad,google-research__meliad,data/github_repos/google-research__meliad,ok,,2026-03-17T12:50:27.797382Z,2e41bc280cace221
257260701e6e834b,https://github.com/hadley/reshape,hadley__reshape,data/github_repos/hadley__reshape,ok,no_figure_files_detected,2026-03-17T12:50:27.906345Z,12491008751dcc76
bc3b152a8e8954db,https://github.com/google/jax,google__jax,data/github_repos/google__jax,ok,,2026-03-17T12:50:28.071452Z,45f270ddfa066cd2; 12b7c8b8877ca85e; 7d4d7479e73c4812
ff410b9e9e514c4c,https://github.com/google-research/sofima,google-research__sofima,data/github_repos/google-research__sofima,ok,,2026-03-17T12:50:28.167960Z,aaf6bf5486033ca5
7eeff726338a3e5e,https://github.com/hila-chefer/Transformer-Explainability,hila-chefer__Transformer-Explainability,data/github_repos/hila-chefer__Transformer-Explainability,ok,no_figure_files_detected,2026-03-17T12:50:28.258656Z,23c9dd0113f0b1de
d5a4aea2ff54d04f,https://github.com/hms-dbmi/CHIEF,hms-dbmi__CHIEF,data/github_repos/hms-dbmi__CHIEF,ok,no_figure_files_detected,2026-03-17T12:50:28.349596Z,41554d493fed1794
3935ae9835431547,https://github.com/hohenstein/remef,hohenstein__remef,data/github_repos/hohenstein__remef,ok,no_figure_files_detected,2026-03-17T12:50:28.428076Z,f8d248dbb1a30dc1
1a7ea13094017a3b,https://github.com/idekerlab/cellmaps_pipeline,idekerlab__cellmaps_pipeline,data/github_repos/idekerlab__cellmaps_pipeline,ok,no_figure_files_detected,2026-03-17T12:50:28.646003Z,8d46ed84bfe8a4ec
33e24848fe388bc9,https://github.com/h-e-g/popCell_SARS-CoV-2,h-e-g__popCell_SARS-CoV-2,data/github_repos/h-e-g__popCell_SARS-CoV-2,ok,,2026-03-17T12:50:28.743962Z,b3bc34ec30a1827f
51b183ba7581d87d,https://github.com/ideasrule/platon,ideasrule__platon,data/github_repos/ideasrule__platon,ok,,2026-03-17T12:50:29.109635Z,212f8685cb7fa9d8
920481f3fe5921c5,https://github.com/int-brain-lab/ibl-sorter,int-brain-lab__ibl-sorter,data/github_repos/int-brain-lab__ibl-sorter,ok,no_figure_files_detected,2026-03-17T12:50:29.319919Z,841f0432b49e22f6
eb8ad0318cc2a39b,https://github.com/google-deepmind/graphcast,google-deepmind__graphcast,data/github_repos/google-deepmind__graphcast,ok,,2026-03-17T12:50:29.419239Z,1a2aa18170c626a6
e3b9b54c3d093c9b,https://github.com/int-brain-lab/iblvideo,int-brain-lab__iblvideo,data/github_repos/int-brain-lab__iblvideo,ok,no_figure_files_detected,2026-03-17T12:50:29.651520Z,841f0432b49e22f6
fbb7c8e9d58fb6ad,https://github.com/inagaki-lab/Yang_et_al_2024,inagaki-lab__Yang_et_al_2024,data/github_repos/inagaki-lab__Yang_et_al_2024,ok,,2026-03-17T12:50:29.802609Z,25b7e86a514e66f5
501f8191e6c99109,https://github.com/ivanjayapurna/RHPapp,ivanjayapurna__RHPapp,data/github_repos/ivanjayapurna__RHPapp,ok,no_figure_files_detected,2026-03-17T12:50:29.827996Z,a4333a3a27595f4e
886e8a1d3699899e,https://github.com/jakesaba/2025_ZAK,jakesaba__2025_ZAK,data/github_repos/jakesaba__2025_ZAK,ok,no_figure_files_detected,2026-03-17T12:50:30.003012Z,6f168345d7576cb3
ed9ced71c1a00979,https://github.com/jamiemcg/BUSCO_phylogenomics,jamiemcg__BUSCO_phylogenomics,data/github_repos/jamiemcg__BUSCO_phylogenomics,ok,no_figure_files_detected,2026-03-17T12:50:30.065126Z,1d03a7e9fa4621c5
7312d246b2869a63,https://github.com/heberlr/UQ_PhysiCell,heberlr__UQ_PhysiCell,data/github_repos/heberlr__UQ_PhysiCell,ok,,2026-03-17T12:50:30.139042Z,b50e59bf2b8873f5
cdd4f877e5b513c4,https://github.com/hartwigmedical/hmftools,hartwigmedical__hmftools,data/github_repos/hartwigmedical__hmftools,ok,,2026-03-17T12:50:30.198456Z,4d760bd70b223abf
aff96c4f307ec286,https://github.com/janelia-pypi/mouse_joystick_interface_python,janelia-pypi__mouse_joystick_interface_python,data/github_repos/janelia-pypi__mouse_joystick_interface_python,ok,no_figure_files_detected,2026-03-17T12:50:30.220327Z,0650bf7d059180e0
e348f0a5297b7adb,https://github.com/int-brain-lab/iblapps,int-brain-lab__iblapps,data/github_repos/int-brain-lab__iblapps,ok,,2026-03-17T12:50:30.280041Z,841f0432b49e22f6
8a6e2452896bc93f,https://github.com/jmschrei/tfmodisco-lite,jmschrei__tfmodisco-lite,data/github_repos/jmschrei__tfmodisco-lite,ok,no_figure_files_detected,2026-03-17T12:50:30.489583Z,172ad40e72d48211
1ec2107e4261659e,https://github.com/jrfarah/24afav_analysis,jrfarah__24afav_analysis,data/github_repos/jrfarah__24afav_analysis,ok,no_figure_files_detected,2026-03-17T12:50:30.668004Z,485d7030cf0845bb
cb7e485ae5cb6cc9,https://github.com/jfdean1/GlobRiv14C-GHG,jfdean1__GlobRiv14C-GHG,data/github_repos/jfdean1__GlobRiv14C-GHG,ok,,2026-03-17T12:50:30.813589Z,41a58c19186bb0a8
42bcb07afc34182b,https://github.com/jcbeer/longCombat,jcbeer__longCombat,data/github_repos/jcbeer__longCombat,ok,,2026-03-17T12:50:30.874186Z,c5429fb880e4fb55
eeeb62b5ede329e7,https://github.com/justinelliotmeyers/india_pincodes,justinelliotmeyers__india_pincodes,data/github_repos/justinelliotmeyers__india_pincodes,ok,no_figure_files_detected,2026-03-17T12:50:31.032585Z,fb3addf64cbefff3
e77d4e84b90a6078,https://github.com/immunoliugy/aging_mouse_thymus,immunoliugy__aging_mouse_thymus,data/github_repos/immunoliugy__aging_mouse_thymus,ok,,2026-03-17T12:50:31.033133Z,bd474ddc4723b57f
69776c795530ce02,https://github.com/jax-ml/jax,jax-ml__jax,data/github_repos/jax-ml__jax,ok,,2026-03-17T12:50:31.051407Z,f256e223fd622358
311e63d5a32c7e5e,https://github.com/jmkendallbar/VisualizingLifeintheDeep,jmkendallbar__VisualizingLifeintheDeep,data/github_repos/jmkendallbar__VisualizingLifeintheDeep,ok,,2026-03-17T12:50:31.051727Z,2a7c8f8c050a100a; 0f7f84c034b1c414
a74bce4e38686d64,https://github.com/jzluo/firthlogist,jzluo__firthlogist,data/github_repos/jzluo__firthlogist,ok,no_figure_files_detected,2026-03-17T12:50:31.096050Z,c51349e7e40bbc29
1585142409c1f675,https://github.com/kevinmhadi/khtools,kevinmhadi__khtools,data/github_repos/kevinmhadi__khtools,ok,no_figure_files_detected,2026-03-17T12:50:31.179686Z,ed884feb48bf53de
82fe31453df0b2e9,https://github.com/kircherlab/CADD-scripts,kircherlab__CADD-scripts,data/github_repos/kircherlab__CADD-scripts,ok,no_figure_files_detected,2026-03-17T12:50:31.201933Z,d05221ccc90922c8
f811b53ec444b732,https://github.com/jtlovell/qtlTools,jtlovell__qtlTools,data/github_repos/jtlovell__qtlTools,ok,,2026-03-17T12:50:31.361503Z,6df13f4532034fd4
1f0d4e853ebf2f5e,https://github.com/lbolla/EMpy,lbolla__EMpy,data/github_repos/lbolla__EMpy,ok,no_figure_files_detected,2026-03-17T12:50:31.569992Z,f061069dec565309
3f5ef16cd290c4fe,https://github.com/kitzmanlab/mimips,kitzmanlab__mimips,data/github_repos/kitzmanlab__mimips,ok,,2026-03-17T12:50:31.621567Z,e748f295d9f9202c
c7fdead48f0ee82a,https://github.com/kjappelbaum/prisma-adosorbaphore,kjappelbaum__prisma-adosorbaphore,data/github_repos/kjappelbaum__prisma-adosorbaphore,ok,,2026-03-17T12:50:31.693072Z,afc92ecfc1365cf1
d880bdc5dc2bb6b0,https://github.com/lazappi/clustree,lazappi__clustree,data/github_repos/lazappi__clustree,ok,,2026-03-17T12:50:31.846884Z,4797ddaacd471069
e0c0d150dd0689fa,https://github.com/lh3/CHM-eval,lh3__CHM-eval,data/github_repos/lh3__CHM-eval,ok,no_figure_files_detected,2026-03-17T12:50:31.873392Z,ed884feb48bf53de
bee5525343c30d9c,https://github.com/karpathy/nanoGPT,karpathy__nanoGPT,data/github_repos/karpathy__nanoGPT,ok,,2026-03-17T12:50:31.965134Z,aca189e69d3ff217; d12cc006f5d1a40c
540b7b3f4a398601,https://github.com/lh3/bwa,lh3__bwa,data/github_repos/lh3__bwa,ok,no_figure_files_detected,2026-03-17T12:50:31.992682Z,055d0ece5172dd87; 1dae057ed7303340
818da31c9ce2cf9b,https://github.com/lh3/psmc,lh3__psmc,data/github_repos/lh3__psmc,ok,no_figure_files_detected,2026-03-17T12:50:32.014122Z,3b3f7d9028854e71
4d7b0b0f5050be9e,https://github.com/krittisharma/frb_host_sharma2024,krittisharma__frb_host_sharma2024,data/github_repos/krittisharma__frb_host_sharma2024,ok,,2026-03-17T12:50:32.116131Z,af6ca9fdd0230695
47c63c3da3e42a1a,https://github.com/lh3/srf,lh3__srf,data/github_repos/lh3__srf,ok,no_figure_files_detected,2026-03-17T12:50:32.116726Z,76c69beb037b3dfb
3767186ca0eb2c2d,https://github.com/leospeidel/twigstats,leospeidel__twigstats,data/github_repos/leospeidel__twigstats,ok,,2026-03-17T12:50:32.126232Z,ccdf0f6c29ce132b
d39443c575d96acd,https://github.com/leospeidel/twigstats_paper,leospeidel__twigstats_paper,data/github_repos/leospeidel__twigstats_paper,ok,,2026-03-17T12:50:32.186828Z,ccdf0f6c29ce132b
1d9928cfd2b372cf,https://github.com/lhqing/wmb2023,lhqing__wmb2023,data/github_repos/lhqing__wmb2023,ok,,2026-03-17T12:50:33.218446Z,b34f521c2d2e1671
07dc1669dcfda9e0,https://github.com/loic-yengo/REML-with-sparse-relationship-matrices,loic-yengo__REML-with-sparse-relationship-matrices,data/github_repos/loic-yengo__REML-with-sparse-relationship-matrices,ok,no_figure_files_detected,2026-03-17T12:50:35.787780Z,72c18c2ec4322ab9
680c0d121770e035,https://github.com/liulab-dfci/TRUST4,liulab-dfci__TRUST4,data/github_repos/liulab-dfci__TRUST4,ok,no_figure_files_detected,2026-03-17T12:50:35.810328Z,628d92fe33ccd95f
040db1d3c14c9c38,https://github.com/lindermanlab/ssm,lindermanlab__ssm,data/github_repos/lindermanlab__ssm,ok,,2026-03-17T12:50:36.206825Z,173e1cd011e08284
a444c010b61469f3,https://github.com/loic-yengo/Code_for_GeneEditing_Paper_Visscher_et_al_2024,loic-yengo__Code_for_GeneEditing_Paper_Visscher_et_al_2024,data/github_repos/loic-yengo__Code_for_GeneEditing_Paper_Visscher_et_al_2024,ok,,2026-03-17T12:50:36.310648Z,ff2fcab68bf0234b
fd7e596421abb241,https://github.com/lilab-bcb/pegasus,lilab-bcb__pegasus,data/github_repos/lilab-bcb__pegasus,ok,,2026-03-17T12:50:36.464440Z,e9d2ff4bfc73d2a6
522535ec3ee5d114,https://github.com/marbl/meryl,marbl__meryl,data/github_repos/marbl__meryl,ok,no_figure_files_detected,2026-03-17T12:50:36.514847Z,76c69beb037b3dfb
d59db2cf91dea773,https://github.com/lselzer/multcompview,lselzer__multcompview,data/github_repos/lselzer__multcompview,ok,,2026-03-17T12:50:36.562666Z,1cfeacbbaf9bfef7
f1e65b19f6e21c54,https://github.com/lme4/lme4,lme4__lme4,data/github_repos/lme4__lme4,ok,,2026-03-17T12:50:36.849121Z,c7113358bd747f7f
1a260ae76dc0c873,https://github.com/lrcfmd/ipcsp,lrcfmd__ipcsp,data/github_repos/lrcfmd__ipcsp,ok,,2026-03-17T12:50:36.883905Z,253f75aa5043b4f9
f47c920b7ff779e0,https://github.com/marcpaga/sturgeon,marcpaga__sturgeon,data/github_repos/marcpaga__sturgeon,ok,,2026-03-17T12:50:36.982756Z,2daa0c170511ea95
f620b93778e5e6a3,https://github.com/marcpaga/sturgeon_dev,marcpaga__sturgeon_dev,data/github_repos/marcpaga__sturgeon_dev,ok,,2026-03-17T12:50:37.117750Z,2daa0c170511ea95
9b5224aa05da1491,https://github.com/lumicks/harbor,lumicks__harbor,data/github_repos/lumicks__harbor,ok,,2026-03-17T12:50:37.138493Z,7e8e611b3c6f8c0c
5409fe01bd18913a,https://github.com/michalkoziarski/DiagSet,michalkoziarski__DiagSet,data/github_repos/michalkoziarski__DiagSet,ok,no_figure_files_detected,2026-03-17T12:50:37.297383Z,41554d493fed1794
4b6839b5ea5b1c99,https://github.com/markvanderloo/extremevalues,markvanderloo__extremevalues,data/github_repos/markvanderloo__extremevalues,ok,,2026-03-17T12:50:37.387418Z,58f2d404cdcee0d5
cbcadc3329436ac1,https://github.com/martinit18/nested_fit,martinit18__nested_fit,data/github_repos/martinit18__nested_fit,ok,,2026-03-17T12:50:37.388962Z,2b2d3413e2c1e0c2
8588981f2081e49d,https://github.com/microsoft/folx,microsoft__folx,data/github_repos/microsoft__folx,ok,no_figure_files_detected,2026-03-17T12:50:37.458121Z,6198d1bd55c74a77
0af38de6062125ce,https://github.com/matsengrp/gctree,matsengrp__gctree,data/github_repos/matsengrp__gctree,ok,,2026-03-17T12:50:37.471892Z,35662063bd631892
d881b4c28e8d5091,https://github.com/mattgkeefe/sticr_paper_code,mattgkeefe__sticr_paper_code,data/github_repos/mattgkeefe__sticr_paper_code,ok,,2026-03-17T12:50:37.524603Z,f0c5d9f22d351752
f5df73ec77210a6f,https://github.com/mskilab-org/GxG,mskilab-org__GxG,data/github_repos/mskilab-org__GxG,ok,no_figure_files_detected,2026-03-17T12:50:37.667548Z,ed884feb48bf53de
88d52a0a06e177fb,https://github.com/mrvollger/SafFire,mrvollger__SafFire,data/github_repos/mrvollger__SafFire,ok,no_figure_files_detected,2026-03-17T12:50:37.668123Z,76c69beb037b3dfb
14be2f98372a6dd9,https://github.com/mdeber/Corrigan2024,mdeber__Corrigan2024,data/github_repos/mdeber__Corrigan2024,ok,,2026-03-17T12:50:37.768234Z,152f933469553c66
cfa36159c697f3e4,https://github.com/mskilab-org/fragCounter,mskilab-org__fragCounter,data/github_repos/mskilab-org__fragCounter,ok,no_figure_files_detected,2026-03-17T12:50:37.845169Z,ed884feb48bf53de
f7e8ab4f9ce1d1d4,https://github.com/mjalava/tundraflux,mjalava__tundraflux,data/github_repos/mjalava__tundraflux,ok,,2026-03-17T12:50:38.011242Z,241e5b563a376fb9
4248aaaef2d6c86c,https://github.com/monocongo/climate_indices,monocongo__climate_indices,data/github_repos/monocongo__climate_indices,ok,,2026-03-17T12:50:38.071006Z,719196b9bef64691
b4d555c056b0a6d0,https://github.com/mskilab-org/skitools,mskilab-org__skitools,data/github_repos/mskilab-org__skitools,ok,no_figure_files_detected,2026-03-17T12:50:38.237217Z,ed884feb48bf53de
515a04e321142f14,https://github.com/moshi4/pyGenomeViz,moshi4__pyGenomeViz,data/github_repos/moshi4__pyGenomeViz,ok,,2026-03-17T12:50:38.356862Z,a2e6147bb6945825; 448014bd09937fb4; d45ffef37120a5fe
b2dd3d22228968e4,https://github.com/mskilab-org/gGnome,mskilab-org__gGnome,data/github_repos/mskilab-org__gGnome,ok,,2026-03-17T12:50:38.379553Z,ed884feb48bf53de
e0d39617c72beb0e,https://github.com/mskilab-org/JaBbA,mskilab-org__JaBbA,data/github_repos/mskilab-org__JaBbA,ok,,2026-03-17T12:50:38.435551Z,ed884feb48bf53de
4e26e06ba7ede413,https://github.com/nanjiangshu/my_needle,nanjiangshu__my_needle,data/github_repos/nanjiangshu__my_needle,ok,no_figure_files_detected,2026-03-17T12:50:38.575170Z,76c69beb037b3dfb
4e51ccdbc78a4493,https://github.com/mskilab-org/jabba,mskilab-org__jabba,data/github_repos/mskilab-org__jabba,ok,,2026-03-17T12:50:38.600337Z,ed884feb48bf53de
b20e3e8a8e7febba,https://github.com/nanoporetech/medaka,nanoporetech__medaka,data/github_repos/nanoporetech__medaka,ok,no_figure_files_detected,2026-03-17T12:50:38.792523Z,08e804edd380801a; d45ffef37120a5fe
b26ce5824b3b9d49,https://github.com/mskilab/setton_hadi_choo_2023,mskilab__setton_hadi_choo_2023,data/github_repos/mskilab__setton_hadi_choo_2023,ok,,2026-03-17T12:50:38.900485Z,ed884feb48bf53de
abd1f1389c5fdac7,https://github.com/msmielak/moonlit,msmielak__moonlit,data/github_repos/msmielak__moonlit,ok,,2026-03-17T12:50:39.061834Z,29709be3196ae9fb
1db83178394e314d,https://github.com/nanopore-wgs-consortium/NA12878,nanopore-wgs-consortium__NA12878,data/github_repos/nanopore-wgs-consortium__NA12878,ok,,2026-03-17T12:50:39.212362Z,2daa0c170511ea95
cbe7b934208652fb,https://github.com/nanoporetech/qcat,nanoporetech__qcat,data/github_repos/nanoporetech__qcat,ok,,2026-03-17T12:50:39.276662Z,2daa0c170511ea95
e900bf74bf60f7b6,https://github.com/neherlab/SARS-CoV-2_variant-reports,neherlab__SARS-CoV-2_variant-reports,data/github_repos/neherlab__SARS-CoV-2_variant-reports,ok,no_figure_files_detected,2026-03-17T12:50:39.425193Z,9178008eb8b90d13
42ac3bb75b365bbb,https://github.com/nespinoza/transitspectroscopy,nespinoza__transitspectroscopy,data/github_repos/nespinoza__transitspectroscopy,ok,no_figure_files_detected,2026-03-17T12:50:39.572205Z,212f8685cb7fa9d8
71c8285b2d8493c2,https://github.com/ncbi/sra-tools,ncbi__sra-tools,data/github_repos/ncbi__sra-tools,ok,,2026-03-17T12:50:39.967099Z,f1adede0c2cff41a; 34be5a9e6e2e9cab
9e16b09125f917c7,https://github.com/ngimber/NanoNET,ngimber__NanoNET,data/github_repos/ngimber__NanoNET,ok,,2026-03-17T12:50:40.510672Z,d3cc7de46e3df176
6f41be87912e9d16,https://github.com/nanxstats/ggsci,nanxstats__ggsci,data/github_repos/nanxstats__ggsci,ok,,2026-03-17T12:50:40.551432Z,4721dff8e84bd763
5ca22eb4870851cb,https://github.com/nicolaroberts/hdp,nicolaroberts__hdp,data/github_repos/nicolaroberts__hdp,ok,,2026-03-17T12:50:40.612989Z,9c2887d0984aeacc; 5dce10dd9ac318ed; 0500a9736e8f003f
a6d466b5ede67dac,https://github.com/nikhilbarhate99/Char-RNN-PyTorch,nikhilbarhate99__Char-RNN-PyTorch,data/github_repos/nikhilbarhate99__Char-RNN-PyTorch,ok,no_figure_files_detected,2026-03-17T12:50:40.702850Z,d12cc006f5d1a40c
00c730e078aacbbd,https://github.com/nowthis/sankeymatic,nowthis__sankeymatic,data/github_repos/nowthis__sankeymatic,ok,no_figure_files_detected,2026-03-17T12:50:40.726614Z,a5d34b5116ab3930
38a2108542fadb72,https://github.com/nugentechnologies/nudup,nugentechnologies__nudup,data/github_repos/nugentechnologies__nudup,ok,no_figure_files_detected,2026-03-17T12:50:40.750521Z,5dce10dd9ac318ed
16aae7b3e3e3909e,https://github.com/open2c/open2c_examples,open2c__open2c_examples,data/github_repos/open2c__open2c_examples,ok,no_figure_files_detected,2026-03-17T12:50:40.972931Z,b92f7c4c0b628ed8
779ac0fd69e1f056,https://github.com/ncborcherding/utility,ncborcherding__utility,data/github_repos/ncborcherding__utility,ok,,2026-03-17T12:50:41.329075Z,5c6ea182aeb63a70
3cab42747ee19052,https://github.com/odelaneau/GLIMPSE,odelaneau__GLIMPSE,data/github_repos/odelaneau__GLIMPSE,ok,,2026-03-17T12:50:41.646244Z,ce55c608aa2a44b2
21cb8404d80cc08c,https://github.com/mskilab-org/gTrack,mskilab-org__gTrack,data/github_repos/mskilab-org__gTrack,ok,,2026-03-17T12:50:43.556814Z,ed884feb48bf53de
efd885e6e19ae37d,https://github.com/mspencerchapman/Prolonged_persistence_of_DNA_lesions,mspencerchapman__Prolonged_persistence_of_DNA_lesions,data/github_repos/mspencerchapman__Prolonged_persistence_of_DNA_lesions,ok,,2026-03-17T12:50:47.530122Z,0500a9736e8f003f
b7e03cf4e210ad47,https://github.com/open-mmlab/mmpose,open-mmlab__mmpose,data/github_repos/open-mmlab__mmpose,ok,,2026-03-17T12:50:49.200306Z,2eb1e5aa35d8f3d5
f92ffeee238fcb52,https://github.com/open2c/pairtools,open2c__pairtools,data/github_repos/open2c__pairtools,ok,no_figure_files_detected,2026-03-17T12:50:51.770512Z,b92f7c4c0b628ed8
95a67a859c85ddf5,https://github.com/opencollab/arpack-ng,opencollab__arpack-ng,data/github_repos/opencollab__arpack-ng,ok,no_figure_files_detected,2026-03-17T12:50:51.878646Z,252e2c21c6d30617
960196ce88e52bc8,https://github.com/petermattia/Cyclic-Voltammetry-Simulator,petermattia__Cyclic-Voltammetry-Simulator,data/github_repos/petermattia__Cyclic-Voltammetry-Simulator,ok,no_figure_files_detected,2026-03-17T12:50:51.984789Z,3c887ba59012139d
636fdd8e090b72c3,https://github.com/petersaj/AP_histology,petersaj__AP_histology,data/github_repos/petersaj__AP_histology,ok,no_figure_files_detected,2026-03-17T12:50:52.129641Z,148077c1c9c5ba81
806517107c3fd797,https://github.com/parklab/ShatterSeek,parklab__ShatterSeek,data/github_repos/parklab__ShatterSeek,ok,,2026-03-17T12:50:52.446433Z,4d760bd70b223abf
b11b481ce9d43cfa,https://github.com/pearsonlab/autoencoded-vocal-analysis,pearsonlab__autoencoded-vocal-analysis,data/github_repos/pearsonlab__autoencoded-vocal-analysis,ok,,2026-03-17T12:50:52.584560Z,fcfbe51ff66c8500
5c6f1114bd13780c,https://github.com/pysam-developers/pysam,pysam-developers__pysam,data/github_repos/pysam-developers__pysam,ok,no_figure_files_detected,2026-03-17T12:50:52.649664Z,06563a36fc5cd233
ac223791b58b1716,https://github.com/pism/docs,pism__docs,data/github_repos/pism__docs,ok,,2026-03-17T12:50:52.815056Z,5501ba63e01c0e0b
f14e9e4a8a5d8a06,https://github.com/r-tmap/tmaptools,r-tmap__tmaptools,data/github_repos/r-tmap__tmaptools,ok,no_figure_files_detected,2026-03-17T12:50:52.842283Z,c51349e7e40bbc29
d7892c5c92191e07,https://github.com/pablotano8/multi_timescale_RL,pablotano8__multi_timescale_RL,data/github_repos/pablotano8__multi_timescale_RL,ok,,2026-03-17T12:50:52.873926Z,48c049f3228d2ed9
6dbcf72a1866f63d,https://github.com/raivokolde/pheatmap,raivokolde__pheatmap,data/github_repos/raivokolde__pheatmap,ok,no_figure_files_detected,2026-03-17T12:50:53.048471Z,a7b486df9fcf52e9; cfd57ca253955206
4b4707290ac02d78,https://github.com/puppeteer/puppeteer,puppeteer__puppeteer,data/github_repos/puppeteer__puppeteer,ok,,2026-03-17T12:50:53.239799Z,76356aabcb9c3a73
e016f66b22ef8e88,https://github.com/realbigws/PDB_Tool,realbigws__PDB_Tool,data/github_repos/realbigws__PDB_Tool,ok,no_figure_files_detected,2026-03-17T12:50:53.272918Z,9c2887d0984aeacc
7b727f28ca0ce563,https://github.com/radicamc/supreme-spoon,radicamc__supreme-spoon,data/github_repos/radicamc__supreme-spoon,ok,,2026-03-17T12:50:53.409794Z,212f8685cb7fa9d8
fe4b6bc4e134a122,https://github.com/queryverse/VegaLite.jl,queryverse__VegaLite.jl,data/github_repos/queryverse__VegaLite.jl,ok,,2026-03-17T12:50:53.437855Z,f1adede0c2cff41a
3db5bad446f37ca9,https://github.com/rmaphoh/RETFound_MAE,rmaphoh__RETFound_MAE,data/github_repos/rmaphoh__RETFound_MAE,ok,no_figure_files_detected,2026-03-17T12:50:53.585248Z,23c9dd0113f0b1de
1470641b3a55e4c3,https://github.com/rasterio/rasterio,rasterio__rasterio,data/github_repos/rasterio__rasterio,ok,,2026-03-17T12:50:53.729895Z,129c130faaf5f857
731fd52084846c5a,https://github.com/ropensci/rnaturalearthdata,ropensci__rnaturalearthdata,data/github_repos/ropensci__rnaturalearthdata,ok,no_figure_files_detected,2026-03-17T12:50:53.937000Z,fa31d2f56c847ad6
2daf6420ff51f1f0,https://github.com/rgcgithub/regenie,rgcgithub__regenie,data/github_repos/rgcgithub__regenie,ok,,2026-03-17T12:50:53.963671Z,12491008751dcc76
4c28d018f77b6e83,https://github.com/rmaphoh/AutoMorph,rmaphoh__AutoMorph,data/github_repos/rmaphoh__AutoMorph,ok,,2026-03-17T12:50:54.108002Z,23c9dd0113f0b1de
174a8c6c47c23379,https://github.com/rrwick/Filtlong,rrwick__Filtlong,data/github_repos/rrwick__Filtlong,ok,no_figure_files_detected,2026-03-17T12:50:54.192195Z,08e804edd380801a
30ade2266d94141c,https://github.com/robertfeldt/BlackBoxOptim.jl,robertfeldt__BlackBoxOptim.jl,data/github_repos/robertfeldt__BlackBoxOptim.jl,ok,,2026-03-17T12:50:54.303591Z,d0494936e0f224ce
38858eac8a95cf98,https://github.com/ropensci/geojsonio,ropensci__geojsonio,data/github_repos/ropensci__geojsonio,ok,,2026-03-17T12:50:54.547409Z,c51349e7e40bbc29
245afaedf7182cac,https://github.com/pandas-dev/pandas,pandas-dev__pandas,data/github_repos/pandas-dev__pandas,ok,,2026-03-17T12:50:54.632947Z,6682cac745cb5c37
8e63858ab61b230b,https://github.com/rsc-ontologies/rxno,rsc-ontologies__rxno,data/github_repos/rsc-ontologies__rxno,ok,,2026-03-17T12:50:54.744634Z,00385414c2fc4b3b
5b4b4a7f6fd7d994,https://github.com/rsenft1/Mouse-Wheel-Running-Analysis,rsenft1__Mouse-Wheel-Running-Analysis,data/github_repos/rsenft1__Mouse-Wheel-Running-Analysis,ok,,2026-03-17T12:50:54.762958Z,98d2421c72626121
c8bcbd98fe365d2d,https://github.com/sanger-pathogens/assembly-stats,sanger-pathogens__assembly-stats,data/github_repos/sanger-pathogens__assembly-stats,ok,no_figure_files_detected,2026-03-17T12:50:54.925895Z,76c69beb037b3dfb
8ff29a910c142e53,https://github.com/sbravyi/BivariateBicycleCodes,sbravyi__BivariateBicycleCodes,data/github_repos/sbravyi__BivariateBicycleCodes,ok,no_figure_files_detected,2026-03-17T12:50:54.952685Z,a65ae7770ecf0ff8
cb4de1636721cec2,https://github.com/schaefer-jh/motionviz,schaefer-jh__motionviz,data/github_repos/schaefer-jh__motionviz,ok,no_figure_files_detected,2026-03-17T12:50:55.072090Z,4e32501426ded08e
e42b781944c46f1b,https://github.com/rstudio/leaflet,rstudio__leaflet,data/github_repos/rstudio__leaflet,ok,,2026-03-17T12:50:55.140979Z,c51349e7e40bbc29
0f38d7d2df9e62df,https://github.com/rvlenth/emmeans,rvlenth__emmeans,data/github_repos/rvlenth__emmeans,ok,,2026-03-17T12:50:55.230703Z,f1c249418cff243a
8b32a4dd752a314e,https://github.com/seung-lab/kimimaro,seung-lab__kimimaro,data/github_repos/seung-lab__kimimaro,ok,no_figure_files_detected,2026-03-17T12:50:55.243305Z,aaf6bf5486033ca5
2d1bb7c592897b59,https://github.com/sagar87/genomicsurveillance,sagar87__genomicsurveillance,data/github_repos/sagar87__genomicsurveillance,ok,,2026-03-17T12:50:55.341283Z,648019e473dee248
127cf9b1f765c721,https://github.com/sheenamt/msings,sheenamt__msings,data/github_repos/sheenamt__msings,ok,no_figure_files_detected,2026-03-17T12:50:55.378701Z,d05221ccc90922c8
804ad57504b766f3,https://github.com/rspatial/raster,rspatial__raster,data/github_repos/rspatial__raster,ok,,2026-03-17T12:50:55.413716Z,c51349e7e40bbc29
6a0f316ec590db6f,https://github.com/schrodinger/pymol-open-source,schrodinger__pymol-open-source,data/github_repos/schrodinger__pymol-open-source,ok,,2026-03-17T12:50:55.531550Z,61687ad7b27032e5
3c0ae8fdb3a1e88f,https://github.com/sje30/sjedrp,sje30__sjedrp,data/github_repos/sje30__sjedrp,ok,no_figure_files_detected,2026-03-17T12:50:55.560206Z,09500c3a9cf6fafe
a2340921f1910c12,https://github.com/soedinglab/MMseqs2,soedinglab__MMseqs2,data/github_repos/soedinglab__MMseqs2,ok,no_figure_files_detected,2026-03-17T12:50:55.715294Z,8897d547c527ce86
83b785b702f9f818,https://github.com/solgaardlab/dphox,solgaardlab__dphox,data/github_repos/solgaardlab__dphox,ok,no_figure_files_detected,2026-03-17T12:50:55.741535Z,7d4d7479e73c4812
76c664d584aa37f4,https://github.com/solgaardlab/phox,solgaardlab__phox,data/github_repos/solgaardlab__phox,ok,no_figure_files_detected,2026-03-17T12:50:55.896523Z,7d4d7479e73c4812
54538c8d9b04dff9,https://github.com/shekharlab/mouseVC,shekharlab__mouseVC,data/github_repos/shekharlab__mouseVC,ok,,2026-03-17T12:50:56.003057Z,289c9bab576bdbc3
14d9484fbb9a2861,https://github.com/spglib/spglib,spglib__spglib,data/github_repos/spglib__spglib,ok,no_figure_files_detected,2026-03-17T12:50:56.176559Z,f5a2463297869f6a
a1eec83e2f4e3993,https://github.com/stevenjwest/brainregister,stevenjwest__brainregister,data/github_repos/stevenjwest__brainregister,ok,no_figure_files_detected,2026-03-17T12:50:56.392663Z,841f0432b49e22f6
56f337dbe946c2cc,https://github.com/spacetelescope/crds,spacetelescope__crds,data/github_repos/spacetelescope__crds,ok,,2026-03-17T12:50:56.493542Z,cd55a8a3dfec68bd; f02fbe6d42b5099d
2abb517fc53af5f9,https://github.com/stratust/igpipeline,stratust__igpipeline,data/github_repos/stratust__igpipeline,ok,no_figure_files_detected,2026-03-17T12:50:56.598988Z,35662063bd631892
789bd25262ea7afa,https://github.com/sugar10w/DISH,sugar10w__DISH,data/github_repos/sugar10w__DISH,ok,no_figure_files_detected,2026-03-17T12:50:56.694848Z,5761d3d8945001f9
b44cbd65a18f0ec5,https://github.com/seung-lab/neuroglancer,seung-lab__neuroglancer,data/github_repos/seung-lab__neuroglancer,ok,,2026-03-17T12:50:57.520436Z,968e0caaf65f910d
e6652dc1f2a3bcbe,https://github.com/spacetelescope/jwst,spacetelescope__jwst,data/github_repos/spacetelescope__jwst,ok,,2026-03-17T12:50:57.858450Z,cd55a8a3dfec68bd; f02fbe6d42b5099d
208308526c4b1ed1,https://github.com/slowkow/ggrepel,slowkow__ggrepel,data/github_repos/slowkow__ggrepel,ok,,2026-03-17T12:50:59.076010Z,c51349e7e40bbc29
6107f6c986ae1f95,https://github.com/shwilks/r3js,shwilks__r3js,data/github_repos/shwilks__r3js,ok,,2026-03-17T12:51:01.348192Z,e54232bfa24e328d
dcd4490c3c2189b1,https://github.com/tangerzhang/calc_switchErr,tangerzhang__calc_switchErr,data/github_repos/tangerzhang__calc_switchErr,ok,no_figure_files_detected,2026-03-17T12:51:03.905698Z,76c69beb037b3dfb
e55dd8770e1a22ac,https://github.com/tianwu1117/EStrans,tianwu1117__EStrans,data/github_repos/tianwu1117__EStrans,ok,no_figure_files_detected,2026-03-17T12:51:03.929795Z,72c18c2ec4322ab9
1dc0f06284e3ef2c,https://github.com/tenpy/tenpy,tenpy__tenpy,data/github_repos/tenpy__tenpy,ok,no_figure_files_detected,2026-03-17T12:51:03.955178Z,3ff843b270164aba
cae0e45fea24c216,https://github.com/timeseriesAI/tsai,timeseriesAI__tsai,data/github_repos/timeseriesAI__tsai,ok,no_figure_files_detected,2026-03-17T12:51:03.956595Z,5a2be2215330547d
9b07ab4ea48ce6b0,https://github.com/timesler/facenet-pytorch,timesler__facenet-pytorch,data/github_repos/timesler__facenet-pytorch,ok,no_figure_files_detected,2026-03-17T12:51:04.054198Z,8f3990d03b9b2372
2de1095916c9e4f7,https://github.com/togethercomputer/stripedhyena,togethercomputer__stripedhyena,data/github_repos/togethercomputer__stripedhyena,ok,no_figure_files_detected,2026-03-17T12:51:04.093080Z,140f515d7fe2c3f1
7ccb29ef8d2bb192,https://github.com/tseemann/abricate,tseemann__abricate,data/github_repos/tseemann__abricate,ok,no_figure_files_detected,2026-03-17T12:51:04.114873Z,b109de7d2c181a4c
56ccdd31c560cde2,https://github.com/tseemann/barrnap,tseemann__barrnap,data/github_repos/tseemann__barrnap,ok,no_figure_files_detected,2026-03-17T12:51:04.249453Z,140f515d7fe2c3f1; f1adede0c2cff41a
4e2a97e6cc4f0647,https://github.com/tseemann/mlst,tseemann__mlst,data/github_repos/tseemann__mlst,ok,no_figure_files_detected,2026-03-17T12:51:04.332732Z,84a852bb5a1b9e1e
5ca527b1f15f97a9,https://github.com/tseemann/snippy,tseemann__snippy,data/github_repos/tseemann__snippy,ok,no_figure_files_detected,2026-03-17T12:51:04.351128Z,dbc3fd6b61fd3c45; 91efbff392520e08
c4feac517479c99f,https://github.com/ucla-brain/mpf,ucla-brain__mpf,data/github_repos/ucla-brain__mpf,ok,,2026-03-17T12:51:05.044309Z,f570f324c94a5fb7
b1a965c8f463dda0,https://github.com/ultralytics/ultralytics,ultralytics__ultralytics,data/github_repos/ultralytics__ultralytics,ok,,2026-03-17T12:51:05.222930Z,ef25352cfab1df94
42ed39ab173b5b67,https://github.com/uw-biomedical-ml/RETFound_MAE,uw-biomedical-ml__RETFound_MAE,data/github_repos/uw-biomedical-ml__RETFound_MAE,ok,no_figure_files_detected,2026-03-17T12:51:05.253124Z,23c9dd0113f0b1de
86f43f1f0c0548ca,https://github.com/tatsu-lab/alpaca_eval,tatsu-lab__alpaca_eval,data/github_repos/tatsu-lab__alpaca_eval,ok,,2026-03-17T12:51:05.638840Z,ca3869b6deb3c045
3e0d238f8305c56c,https://github.com/trevorld/ggpattern,trevorld__ggpattern,data/github_repos/trevorld__ggpattern,ok,,2026-03-17T12:51:05.740280Z,c51349e7e40bbc29
1ad3865ccd9d01f9,https://github.com/vibansal/HapCUT2,vibansal__HapCUT2,data/github_repos/vibansal__HapCUT2,ok,,2026-03-17T12:51:06.205414Z,ed884feb48bf53de
2c8cef00fa1a8d76,https://github.com/vmikk/metagMisc,vmikk__metagMisc,data/github_repos/vmikk__metagMisc,ok,,2026-03-17T12:51:06.869480Z,1d03a7e9fa4621c5
fa43868bd85cfd9a,https://github.com/wanglab-broad/hepatic_recon,wanglab-broad__hepatic_recon,data/github_repos/wanglab-broad__hepatic_recon,ok,no_figure_files_detected,2026-03-17T12:51:07.133562Z,bd474ddc4723b57f
03e2b73b7f2ed576,https://github.com/thomasp85/patchwork,thomasp85__patchwork,data/github_repos/thomasp85__patchwork,ok,,2026-03-17T12:51:07.409067Z,4721dff8e84bd763; 1cfeacbbaf9bfef7; c51349e7e40bbc29
65856a4b353b6f2f,https://github.com/xinntao/facexlib,xinntao__facexlib,data/github_repos/xinntao__facexlib,ok,no_figure_files_detected,2026-03-17T12:51:07.589636Z,8f3990d03b9b2372
d9aca5717bbab002,https://github.com/xuyu-cam/atlas_genetic_scores_omic_traits,xuyu-cam__atlas_genetic_scores_omic_traits,data/github_repos/xuyu-cam__atlas_genetic_scores_omic_traits,ok,no_figure_files_detected,2026-03-17T12:51:07.763860Z,f46eae958bec69ae
bed95d1ee4c07c6d,https://github.com/wkentaro/labelme,wkentaro__labelme,data/github_repos/wkentaro__labelme,ok,,2026-03-17T12:51:07.892060Z,38cfd3540abe5a8b
15feff07d653bc3c,https://github.com/y9c/m6A-SACseq,y9c__m6A-SACseq,data/github_repos/y9c__m6A-SACseq,ok,no_figure_files_detected,2026-03-17T12:51:08.020415Z,a0eb170eac282ffd
11ce2fa2dfa1bfcc,https://github.com/wagnew3/Computer-Vision-Research-Powers-Surveillance-Technology,wagnew3__Computer-Vision-Research-Powers-Surveillance-Technology,data/github_repos/wagnew3__Computer-Vision-Research-Powers-Surveillance-Technology,ok,,2026-03-17T12:51:08.047717Z,17249427f0b85682
2f58cd278a1dff82,https://github.com/vegandevs/vegan,vegandevs__vegan,data/github_repos/vegandevs__vegan,ok,,2026-03-17T12:51:08.170443Z,cf1b52fe35b7f59f; b109de7d2c181a4c; 1cfeacbbaf9bfef7
85fa2678737f758d,https://github.com/zae-bayern/elpv-dataset,zae-bayern__elpv-dataset,data/github_repos/zae-bayern__elpv-dataset,ok,no_figure_files_detected,2026-03-17T12:51:08.378636Z,5a090de4b58ea684
8bbc95428bdb3eb2,https://github.com/ypmen/TransientX,ypmen__TransientX,data/github_repos/ypmen__TransientX,ok,,2026-03-17T12:51:08.679839Z,fa2b0cf3c39f62f2
cfb7cbd560def139,https://github.com/ycphs/openxlsx,ycphs__openxlsx,data/github_repos/ycphs__openxlsx,ok,,2026-03-17T12:51:09.040364Z,c51349e7e40bbc29
c12e60544e47bc72,https://github.com/zhang21mit/CRESt,zhang21mit__CRESt,data/github_repos/zhang21mit__CRESt,ok,,2026-03-17T12:51:09.054113Z,5c949ba55aa418bf
b3f5e88f74eabf9f,https://github.com/yigali/near-field-ent-tam,yigali__near-field-ent-tam,data/github_repos/yigali__near-field-ent-tam,ok,,2026-03-17T12:51:09.547699Z,78993661f3a98a30
b6cd1539c545ad09,https://github.com/villani-lab/myocarditis,villani-lab__myocarditis,data/github_repos/villani-lab__myocarditis,ok,,2026-03-17T12:51:11.982878Z,c31bbdba0ae6554c
10a79ea94842c429,https://github.com/zhoujt1994/scHiCluster,zhoujt1994__scHiCluster,data/github_repos/zhoujt1994__scHiCluster,ok,,2026-03-17T12:51:12.055467Z,b34f521c2d2e1671
