repo_url,script_path,missing_path,log_path
https://github.com/ElMouba/PrISMa_VisTool,Adsorption/config_ads.py,data/adsorption_data.csv,logs/repro_runs/run_00336_20260318_082906.log
https://github.com/ElMouba/PrISMa_VisTool,Compare/config_com.py,data/data_read.yml,logs/repro_runs/run_00337_20260318_082907.log
https://github.com/ElMouba/PrISMa_VisTool,Figure/config_fig.py,data/data_read.yml,logs/repro_runs/run_00339_20260318_082908.log
https://github.com/ElMouba/PrISMa_VisTool,Figure/main.py,data/data_read.yml,logs/repro_runs/run_00340_20260318_114556.log
https://github.com/ElMouba/PrISMa_VisTool,Line/config_lin.py,data/data_read.yml,logs/repro_runs/run_00343_20260318_082908.log
https://github.com/ElMouba/PrISMa_VisTool,Structure/config_str.py,data/adsorption_data.csv,logs/repro_runs/run_00344_20260318_082909.log
https://github.com/odelaneau/GLIMPSE,tutorial/plot/concordance_plot.py,../GLIMPSE_concordance/output.rsquare.grp.txt.gz,logs/repro_runs/run_01576_20260318_114649.log
https://github.com/pablotano8/multi_timescale_RL,Fig_2_g_lunar_q_accuracy.py,nets/lunar_multi_gamma_0.pt,logs/repro_runs/run_01913_20260318_114654.log
https://github.com/pablotano8/multi_timescale_RL,plot_performance.py,rewards_breakout_10g.pkl,logs/repro_runs/run_01916_20260318_114656.log
https://github.com/rmaphoh/AutoMorph,M3_feature_whole_pic/retipy/retipy/configuration.py,./images/,logs/repro_runs/run_01937_20260318_083228.log
https://github.com/rmaphoh/AutoMorph,M3_feature_zone/retipy/retipy/configuration.py,./images/,logs/repro_runs/run_01938_20260318_083228.log
